Workbook

Sheet Dashboard
A1: DASHBOARD DE PRODUÇÃO — Roble Fuerte
A3: INDICADORES OPERACIONAIS
A4: OFs em Andamento | C4: OFs Atrasadas | E4: Progresso Médio
A5: =COUNTIF(Ordens_Fabricacao!J5:J55,"Em andamento") -> 4 | C5: =COUNTIF(Ordens_Fabricacao!K5:K55,"🔴 SIM") -> 0 | E5: =IFERROR(AVERAGEIFS(Ordens_Fabricacao!H5:H55,Ordens_Fabricacao!J5:J55,"Em andamento"),0) -> 0.475
A6: Funcionários Ativos | C6: Custo Folha Mensal | E6: Capacidade Mês Atual
A7: =COUNTA(Diarias_Funcionarios!B5:B30) -> 5 | C7: =SUM(Diarias_Funcionarios!H5:H30) -> 8600 | E7: =INDEX(Capacidade!E5:E16,MONTH(TODAY())) -> 0.83333333
A11: STATUS DA SEMANA
A12: =IF(C5>0,"🔴 ATENÇÃO — Há "&C5&" OFs ATRASADAS. Verifique a aba Ordens_Fabricacao","🟢 Produção em dia — nenhuma OF atrasada") -> 🟢 Produção em dia — nenhuma OF atrasada

Sheet Planejamento_Semanal
A1: PLANEJAMENTO SEMANAL DE PRODUÇÃO
A2: Distribuição diária de tarefas por equipe — atualizar toda segunda-feira
A4: Semana de: | B4: =TODAY()-WEEKDAY(TODAY(),3) -> 46153 | D4: a | E4: =B4+4 -> 46157
A6: Equipe / Funcionário | B6: Segunda | C6: Terça | D6: Quarta | E6: Quinta | F6: Sexta | G6: Projetos da Semana | H6: Observações
A7: FÁBRICA — Carlos (CNC) | B7: Cortar P-001 painéis MDF | C7: Cortar P-001 painéis MDF | D7: Cortar P-004 estrutura | E7: Furação P-004 | F7: Pré-montagem P-001
A8: FÁBRICA — Antonio (Lacado) | B8: Preparar P-002 primer | C8: Aplicar 1ª demão P-002 | D8: Lixar + 2ª demão P-002 | E8: Acabamento P-002 | F8: Embalar P-002
A9: FÁBRICA — Auxiliar | B9: Apoio CNC | C9: Lixar peças P-001 | D9: Apoio lacado | E9: Apoio embalagem | F9: Limpeza geral
A10: MONTAGEM — Miguel | B10: Montagem P-005 (Madrid) | C10: Montagem P-005 | D10: Visita P-007 | E10: Entrega P-003 final | F10: Vistoria P-001
A11: MONTAGEM — Auxiliar | B11: Acompanha Miguel | C11: Acompanha Miguel | D11: - | E11: Apoio P-003 | F11: Apoio P-001

Sheet Ordens_Fabricacao
A1: ORDENS DE FABRICAÇÃO
A2: Cada projeto aprovado gera uma OF — controla o ciclo na fábrica
A4: OF Nº | B4: Projeto | C4: Cliente | D4: Descrição | E4: Data Abertura | F4: Prev. Fim | G4: Etapa Atual | H4: % Concluído | I4: Responsável | J4: Status | K4: Atrasada?
A5: OF-001 | B5: P-001 | C5: Maria García | D5: Cozinha + armários | E5: 2026-04-10 | F5: 2026-06-10 | G5: Corte CNC | H5: 0.3 | I5: Carlos | J5: Em andamento | K5: =IF(OR(F5="",J5="Finalizada"),"",IF(F5<TODAY(),"🔴 SIM","🟢 NÃO")) -> 🟢 NÃO
A6: OF-002 | B6: P-002 | C6: Estudio ABC | D6: 18 portas lacadas | E6: 2026-04-20 | F6: 2026-06-01 | G6: Lacado | H6: 0.6 | I6: Antonio | J6: Em andamento | K6: =IF(OR(F6="",J6="Finalizada"),"",IF(F6<TODAY(),"🔴 SIM","🟢 NÃO")) -> 🟢 NÃO
A7: OF-003 | B7: P-004 | C7: Construtora Núñez | D7: 3 armários Chamberí | E7: 2026-05-01 | F7: 2026-07-20 | G7: Aguardando materiais | H7: 0.1 | I7: Carlos | J7: Em andamento | K7: =IF(OR(F7="",J7="Finalizada"),"",IF(F7<TODAY(),"🔴 SIM","🟢 NÃO")) -> 🟢 NÃO
A8: OF-004 | B8: P-005 | C8: Pedro Martínez | D8: Porta corredera + closet | E8: 2026-04-15 | F8: 2026-05-18 | G8: Pronto p/ montagem | H8: 0.9 | I8: Antonio | J8: Em andamento | K8: =IF(OR(F8="",J8="Finalizada"),"",IF(F8<TODAY(),"🔴 SIM","🟢 NÃO")) -> 🟢 NÃO
A9: OF-005 | B9: P-003 | C9: Reformas López | D9: 12 portas enrasadas | E9: 2026-03-05 | F9: 2026-04-10 | G9: Entregue | H9: 1 | I9: Carlos | J9: Finalizada | K9: =IF(OR(F9="",J9="Finalizada"),"",IF(F9<TODAY(),"🔴 SIM","🟢 NÃO"))
K10: =IF(OR(F10="",J10="Finalizada"),"",IF(F10<TODAY(),"🔴 SIM","🟢 NÃO"))
K11: =IF(OR(F11="",J11="Finalizada"),"",IF(F11<TODAY(),"🔴 SIM","🟢 NÃO"))
K12: =IF(OR(F12="",J12="Finalizada"),"",IF(F12<TODAY(),"🔴 SIM","🟢 NÃO"))
K13: =IF(OR(F13="",J13="Finalizada"),"",IF(F13<TODAY(),"🔴 SIM","🟢 NÃO"))
K14: =IF(OR(F14="",J14="Finalizada"),"",IF(F14<TODAY(),"🔴 SIM","🟢 NÃO"))
K15: =IF(OR(F15="",J15="Finalizada"),"",IF(F15<TODAY(),"🔴 SIM","🟢 NÃO"))
K16: =IF(OR(F16="",J16="Finalizada"),"",IF(F16<TODAY(),"🔴 SIM","🟢 NÃO"))
K17: =IF(OR(F17="",J17="Finalizada"),"",IF(F17<TODAY(),"🔴 SIM","🟢 NÃO"))
K18: =IF(OR(F18="",J18="Finalizada"),"",IF(F18<TODAY(),"🔴 SIM","🟢 NÃO"))
K19: =IF(OR(F19="",J19="Finalizada"),"",IF(F19<TODAY(),"🔴 SIM","🟢 NÃO"))
K20: =IF(OR(F20="",J20="Finalizada"),"",IF(F20<TODAY(),"🔴 SIM","🟢 NÃO"))
K21: =IF(OR(F21="",J21="Finalizada"),"",IF(F21<TODAY(),"🔴 SIM","🟢 NÃO"))
... K54: =IF(OR(F54="",J54="Finalizada"),"",IF(F54<TODAY(),"🔴 SIM","🟢 NÃO"))

Sheet Capacidade
A1: CAPACIDADE PRODUTIVA MENSAL
A2: Quantos projetos a fábrica consegue entregar por mês — ajuda a NÃO PROMETER demais
A4: Mês | B4: Capacidade Teórica (projetos) | C4: Projetos Aceitos | D4: Disponível | E4: % Utilização | F4: Status
A5: Jan/26 | B5: 8 | C5: 6 | D5: =B5-C5 -> 2 | E5: =IFERROR(C5/B5,0) -> 0.75 | F5: =IF(C5>B5,"🔴 SOBRECARGA",IF(C5/B5>=0.9,"🟡 QUASE CHEIO",IF(C5/B5>=0.5,"🟢 OK","⚪ DISPONÍVEL"))) -> 🟢 OK
A6: Fev/26 | B6: 8 | C6: 7 | D6: =B6-C6 -> 1 | E6: =IFERROR(C6/B6,0) -> 0.875 | F6: =IF(C6>B6,"🔴 SOBRECARGA",IF(C6/B6>=0.9,"🟡 QUASE CHEIO",IF(C6/B6>=0.5,"🟢 OK","⚪ DISPONÍVEL"))) -> 🟢 OK
A7: Mar/26 | B7: 10 | C7: 9 | D7: =B7-C7 -> 1 | E7: =IFERROR(C7/B7,0) -> 0.9 | F7: =IF(C7>B7,"🔴 SOBRECARGA",IF(C7/B7>=0.9,"🟡 QUASE CHEIO",IF(C7/B7>=0.5,"🟢 OK","⚪ DISPONÍVEL"))) -> 🟡 QUASE CHEIO
A8: Abr/26 | B8: 10 | C8: 11 | D8: =B8-C8 -> -1 | E8: =IFERROR(C8/B8,0) -> 1.1 | F8: =IF(C8>B8,"🔴 SOBRECARGA",IF(C8/B8>=0.9,"🟡 QUASE CHEIO",IF(C8/B8>=0.5,"🟢 OK","⚪ DISPONÍVEL"))) -> 🔴 SOBRECARGA
A9: Mai/26 | B9: 12 | C9: 10 | D9: =B9-C9 -> 2 | E9: =IFERROR(C9/B9,0) -> 0.83333333 | F9: =IF(C9>B9,"🔴 SOBRECARGA",IF(C9/B9>=0.9,"🟡 QUASE CHEIO",IF(C9/B9>=0.5,"🟢 OK","⚪ DISPONÍVEL"))) -> 🟢 OK
A10: Jun/26 | B10: 12 | C10: 8 | D10: =B10-C10 -> 4 | E10: =IFERROR(C10/B10,0) -> 0.66666667 | F10: =IF(C10>B10,"🔴 SOBRECARGA",IF(C10/B10>=0.9,"🟡 QUASE CHEIO",IF(C10/B10>=0.5,"🟢 OK","⚪ DISPONÍVEL"))) -> 🟢 OK
A11: Jul/26 | B11: 10 | C11: 4 | D11: =B11-C11 -> 6 | E11: =IFERROR(C11/B11,0) -> 0.4 | F11: =IF(C11>B11,"🔴 SOBRECARGA",IF(C11/B11>=0.9,"🟡 QUASE CHEIO",IF(C11/B11>=0.5,"🟢 OK","⚪ DISPONÍVEL"))) -> ⚪ DISPONÍVEL
A12: Ago/26 | B12: 6 | C12: 1 | D12: =B12-C12 -> 5 | E12: =IFERROR(C12/B12,0) -> 0.16666667 | F12: =IF(C12>B12,"🔴 SOBRECARGA",IF(C12/B12>=0.9,"🟡 QUASE CHEIO",IF(C12/B12>=0.5,"🟢 OK","⚪ DISPONÍVEL"))) -> ⚪ DISPONÍVEL
A13: Set/26 | B13: 10 | C13: 2 | D13: =B13-C13 -> 8 | E13: =IFERROR(C13/B13,0) -> 0.2 | F13: =IF(C13>B13,"🔴 SOBRECARGA",IF(C13/B13>=0.9,"🟡 QUASE CHEIO",IF(C13/B13>=0.5,"🟢 OK","⚪ DISPONÍVEL"))) -> ⚪ DISPONÍVEL
A14: Out/26 | B14: 12 | C14: 1 | D14: =B14-C14 -> 11 | E14: =IFERROR(C14/B14,0) -> 0.083333333 | F14: =IF(C14>B14,"🔴 SOBRECARGA",IF(C14/B14>=0.9,"🟡 QUASE CHEIO",IF(C14/B14>=0.5,"🟢 OK","⚪ DISPONÍVEL"))) -> ⚪ DISPONÍVEL
A15: Nov/26 | B15: 12 | C15: 0 | D15: =B15-C15 -> 12 | E15: =IFERROR(C15/B15,0) -> 0 | F15: =IF(C15>B15,"🔴 SOBRECARGA",IF(C15/B15>=0.9,"🟡 QUASE CHEIO",IF(C15/B15>=0.5,"🟢 OK","⚪ DISPONÍVEL"))) -> ⚪ DISPONÍVEL
A16: Dez/26 | B16: 8 | C16: 0 | D16: =B16-C16 -> 8 | E16: =IFERROR(C16/B16,0) -> 0 | F16: =IF(C16>B16,"🔴 SOBRECARGA",IF(C16/B16>=0.9,"🟡 QUASE CHEIO",IF(C16/B16>=0.5,"🟢 OK","⚪ DISPONÍVEL"))) -> ⚪ DISPONÍVEL

Sheet Diarias_Funcionarios
A1: CONTROLE DE DIÁRIAS E DIAS TRABALHADOS
A2: Folha de ponto mensal — calcula automaticamente o custo total da equipe
A4: ID | B4: Funcionário | C4: Função | D4: Equipe | E4: Valor Diária (€) | F4: Dias Trabalhados (mês) | G4: Horas Extras (€) | H4: Custo Total Mês (€) | I4: Mês Referência
A5: E-001 | B5: Carlos Silva | C5: Carpinteiro Sênior / CNC | D5: Fábrica | E5: 90 | F5: 22 | G5: 120 | H5: =E5*F5+G5 -> 2100 | I5: Mai/2026
A6: E-002 | B6: Antonio Pérez | C6: Lacador | D6: Fábrica | E6: 85 | F6: 22 | G6: 80 | H6: =E6*F6+G6 -> 1950 | I6: Mai/2026
A7: E-003 | B7: Miguel Torres | C7: Líder Montagem | D7: Montagem | E7: 80 | F7: 22 | G7: 150 | H7: =E7*F7+G7 -> 1910 | I7: Mai/2026
A8: E-004 | B8: Aux. Fábrica | C8: Auxiliar | D8: Fábrica | E8: 60 | F8: 22 | G8: 0 | H8: =E8*F8+G8 -> 1320 | I8: Mai/2026
A9: E-005 | B9: Aux. Montagem | C9: Auxiliar | D9: Montagem | E9: 60 | F9: 22 | G9: 0 | H9: =E9*F9+G9 -> 1320 | I9: Mai/2026
H10: =IF(AND(E10<>"",F10<>""),E10*F10+IF(G10="",0,G10),"")
H11: =IF(AND(E11<>"",F11<>""),E11*F11+IF(G11="",0,G11),"")
H12: =IF(AND(E12<>"",F12<>""),E12*F12+IF(G12="",0,G12),"")
H13: =IF(AND(E13<>"",F13<>""),E13*F13+IF(G13="",0,G13),"")
H14: =IF(AND(E14<>"",F14<>""),E14*F14+IF(G14="",0,G14),"")
H15: =IF(AND(E15<>"",F15<>""),E15*F15+IF(G15="",0,G15),"")
H16: =IF(AND(E16<>"",F16<>""),E16*F16+IF(G16="",0,G16),"")
H17: =IF(AND(E17<>"",F17<>""),E17*F17+IF(G17="",0,G17),"")
H18: =IF(AND(E18<>"",F18<>""),E18*F18+IF(G18="",0,G18),"")
H19: =IF(AND(E19<>"",F19<>""),E19*F19+IF(G19="",0,G19),"")
H20: =IF(AND(E20<>"",F20<>""),E20*F20+IF(G20="",0,G20),"")
H21: =IF(AND(E21<>"",F21<>""),E21*F21+IF(G21="",0,G21),"")
... H29: =IF(AND(E29<>"",F29<>""),E29*F29+IF(G29="",0,G29),"")
G31: TOTAL FOLHA (mês): | H31: =SUM(H5:H30) -> 8600
